rank,name,city,county,opportunity_score,county_decline_pct,zip_immigrant_pct,zip_hisp_pct,zip_asian_pct,catchment_pop_15km,est_immigrant_pop_15km,acs_poverty_rate,acs_median_income,acs_median_age,acs_unemployment_rate,address,zip,latitude,longitude,website,phone,email,source,attendance_arda,association,building_sqft,capacity_estimate,parking_spots,building_year,closed_year,tract_fips,rucc_description
1,FAIRVIEW BAPTIST CHURCH,Kinards,Newberry,76.6,29.6,18.7,16.7,2.0,11454,2141,,,,,,29355,34.35409490708,-81.80132375775,,,,holy_sites_import,,,2619.64,175,44,,,,"Nonmetro - Urban population of 5,000 to 20,000, adjacent to a metro area"
2,GLENN STREET BAPTIST CHURCH,Newberry,Newberry,74.9,29.6,13.1,13.0,0.1,28397,3720,0.1601,59670,42.0,0.035,300 Glenn Street,29108,34.268481925283,-81.605835581991,https://churches.sbc.net/church/glenn-street-baptist-church,803-276-0654,,irs+holy_sites_enrichment,0,,16351.12,1090,273,,,,"Nonmetro - Urban population of 5,000 to 20,000, adjacent to a metro area"
3,ENOREE BAPTIST CHURCH,Newberry,Newberry,74.6,29.6,13.1,13.0,0.1,23938,3135,,,,,,29108,34.275124078451,-81.61793410295,,,,holy_sites_import,,,20172.26,1345,336,,,,"Nonmetro - Urban population of 5,000 to 20,000, adjacent to a metro area"
4,CALLIE SELF MEMORIAL BAPTIST CHURCH,Greenwood,Greenwood,69.4,23.8,11.5,11.4,0.1,63311,7280,0.1711,50635,39.0,0.045,509 Kirksey Drive West,29646,34.160217234167,-82.141356515161,https://churches.sbc.net/church/callie-self-memorial-baptist-church,864-227-2881,,irs+holy_sites_enrichment,0,,15796.24,1053,263,,,,"Nonmetro - Urban population of 20,000 or more, adjacent to a metro area"
5,CONNIE MAXWELL BAPTIST CHURCH,Greenwood,Greenwood,69.1,23.8,11.5,11.4,0.1,59530,6845,0.1711,50635,39.0,0.045,810 Maxwell Avenue,29646,34.183867294116,-82.1783807986,https://churches.sbc.net/church/connie-maxwell-baptist-church,864-942-1401,,irs+holy_sites_enrichment,0,,10788.6,719,180,,,,"Nonmetro - Urban population of 20,000 or more, adjacent to a metro area"
6,FRIENDSHIP BAPTIST CHURCH OF GRESHAM,Gresham,Marion,67.3,21.6,13.2,13.2,0,4190,553,0.2732,34501,43.0,0.0554,6133 Highway 9,29546,34.018354517854,-79.430143633512,,,,irs+holy_sites_enrichment,0,,4933.55,329,82,,,,"Nonmetro - Urban population of 5,000 to 20,000, adjacent to a metro area"
7,IGLESIA CRISTIANA LA ROCA,Walhalla,Oconee,67.3,12.9,17.3,16.8,0.5,35337,6113,,,,,,29691,34.782583,-83.083166,,,,holy_sites_import,,,3015.44,201,50,,,,"Nonmetro - Urban population of 20,000 or more, adjacent to a metro area"
8,PLEASANT HILL BAPTIST CHURCH,Walhalla,Oconee,67.3,12.9,17.3,16.8,0.5,35337,6113,,,,,,29691,34.782583,-83.083166,,,,holy_sites_import,,,3015.44,201,50,,,,"Nonmetro - Urban population of 20,000 or more, adjacent to a metro area"
9,POPLAR SPRINGS BAPTIST CHURCH,Walhalla,Oconee,67.3,12.9,17.3,16.8,0.5,35337,6113,0.1638,60193,46.0,0.0572,PO Box 124,29691,34.782583,-83.083166,https://poplarspringsbaptistchurch.net,864-638-5400,info@poplarspringsbaptist.org,irs+holy_sites_enrichment,0,,3015.44,201,50,,,,"Nonmetro - Urban population of 20,000 or more, adjacent to a metro area"
10,ASHTON BAPTIST CHURCH,Lodge,Colleton,65.6,13.9,19.3,13.4,5.9,2525,487,0.1869,48779,42.0,0.0853,5156 Willow Swamp Road,29082,33.016225377719,-80.96464516476,https://churches.sbc.net/church/ashton-baptist-church,843-866-2496,,irs+holy_sites_enrichment,0,,4182.31,279,70,,,45029970200,"Nonmetro - Urban population of 5,000 to 20,000, adjacent to a metro area"
11,FAIRVIEW BAPTIST CHURCH,Mount Croghan,Chesterfield,58.0,14.6,15.8,15.7,0.1,16820,2657,,,,,,29727,34.719265,-80.264601,,,,holy_sites_import,,,710.06,47,12,,,,"Nonmetro - Urban population of 5,000 to 20,000, adjacent to a metro area"
12,MT CROGHAN BAPTIST CHURCH,Mount Croghan,Chesterfield,58.0,14.6,15.8,15.7,0.1,16820,2657,0.2016,47620,42.0,0.0746,PO Box 57,29727,34.719265,-80.264601,https://churches.sbc.net/church/mt-croghan-baptist-church,7712360000,,irs+holy_sites_enrichment,0,,710.06,47,12,,,,"Nonmetro - Urban population of 5,000 to 20,000, adjacent to a metro area"
13,SPRING HILL BAPTIST CHURCH,Cottageville,Colleton,55.1,13.9,11.5,11.5,0,19635,2258,,,,,,29435,32.928850514954,-80.517349155544,,,,holy_sites_import,,,2071.4,138,35,,,,"Nonmetro - Urban population of 5,000 to 20,000, adjacent to a metro area"
14,ABNEY MEMORIAL BAPTIST CHURCH,Greenwood,Greenwood,53.1,23.8,11.5,11.4,0.1,59171,6804,0.1711,50635,39.0,0.045,210 Bypass 225,29646,34.136053,-82.14847,https://churches.sbc.net/church/abney-memorial-baptist-church,864-227-8601,,irs+holy_sites_enrichment,0,,,,,,,,"Nonmetro - Urban population of 20,000 or more, adjacent to a metro area"
15,DEEP BRANCH BAPTIST CHURCH,Varnville,Hampton,52.4,11.7,9.7,8.1,1.6,13125,1273,,,,,,29944,32.846616236222,-81.070557167997,,,,holy_sites_import,,,4338.43,289,72,,,,"Nonmetro - Urban population of fewer than 5,000, adjacent to a metro area"
16,MIZPAH BAPTIST CHURCH OF IONIA,Camden,Lee,52.0,24.1,5.5,5.0,0.5,14311,787,0.1407,64343,40.0,0.0468,3659 Jamestown Road,29020,34.205688532187,-80.407065495318,,,,irs+holy_sites_enrichment,0,,4425.0,295,74,,,,"Nonmetro - Urban population of fewer than 5,000, adjacent to a metro area"
17,RED HILL BAPTIST CHURCH,Camden,Lee,51.9,24.1,5.5,5.0,0.5,13275,730,0.1407,64343,40.0,0.0468,4485 Red Hill Road,29020,34.165068165885,-80.400117116229,https://rhbcpickens.com,(803) 428-5479,,irs+holy_sites_enrichment,0,,3966.0,264,66,,,,"Nonmetro - Urban population of fewer than 5,000, adjacent to a metro area"
18,GRASSY POND BAPTIST CHURCH,Gaffney,Cherokee,51.8,10.1,8.5,8.4,0.1,58248,4951,0.1846,49047,40.0,0.0591,254 Grassy Pond Road,29341,35.137085464286,-81.676771942237,https://grassypond.org,,,irs+holy_sites_enrichment,0,,27217.43,1814,454,,,,"Nonmetro - Urban population of 5,000 to 20,000, adjacent to a metro area"
19,ASHLEIGH BAPTIST CHURCH,Blackville,Barnwell,51.0,22.7,5.3,5.1,0.2,21156,1121,0.2853,41800,40.0,0.0672,14315 Sc Highway 3,29817,33.304535728634,-81.326431899871,https://churches.sbc.net/church/ashleigh-baptist-church,803-284-4142,,irs+holy_sites_enrichment,0,,7485.28,499,125,,,,"Nonmetro - Urban population of fewer than 5,000, adjacent to a metro area"
20,DOUBLE POND BAPTIST CHURCH,Blackville,Barnwell,50.7,22.7,5.3,5.1,0.2,16897,895,0.2853,41800,40.0,0.0672,357 Double Pond Road,29817,33.296876827406,-81.253517219086,https://churches.sbc.net/church/double-pond-baptist-church,803-793-3498,,irs+holy_sites_enrichment,0,,10868.32,725,181,,,,"Nonmetro - Urban population of fewer than 5,000, adjacent to a metro area"
21,HEALING SPRINGS BAPTIST CHURCH,Blackville,Barnwell,50.1,22.7,5.3,5.1,0.2,9474,502,,,,,,29817,33.408135535432,-81.340535708237,,,,holy_sites_import,,,10003.4,667,167,,,,"Nonmetro - Urban population of fewer than 5,000, adjacent to a metro area"
22,WOLF POND BAPTIST CHURCH,Pageland,Chesterfield,49.8,14.6,7.4,7.4,0,21040,1556,0.2016,47620,42.0,0.0746,78 Wolf Pond Church Road,29728,34.813295695806,-80.52777079287,https://churches.sbc.net/church/wolf-pond-baptist-church,843-672-7752,,irs+holy_sites_enrichment,0,,8164.34,544,136,,,,"Nonmetro - Urban population of 5,000 to 20,000, adjacent to a metro area"
23,CARTERS FORD BAPTIST CHURCH,Lodge,Colleton,49.7,13.9,19.3,13.4,5.9,4279,825,0.1869,48779,42.0,0.0853,PO Box 1,29082,33.038215,-80.939141,,,,irs+holy_sites_enrichment,0,,,,,,,,"Nonmetro - Urban population of 5,000 to 20,000, adjacent to a metro area"
24,COVENANT BAPTIST CHURCH,Cordova,Orangeburg,48.6,21.8,4.3,4.3,0,29917,1286,,,,,,29039,33.407068701666,-80.952921182969,https://www.google.com/maps/place/+Cordova+SC+29039-9419,803-378-1052,,sbc_scrape+holy_sites_enrichment,0,,5245.62,350,87,,,,"Nonmetro - Urban population of 20,000 or more, adjacent to a metro area"
25,EBENEZER BAPTIST CHURCH,Cordova,Orangeburg,48.6,21.8,4.3,4.3,0,29917,1286,,,,,,29039,33.407068701666,-80.952921182969,,,,holy_sites_import,,,5245.62,350,87,,,,"Nonmetro - Urban population of 20,000 or more, adjacent to a metro area"
